{"cameraMode":{"drawMode":0,"name":"Shaded","section":"Shading Mode"},"sceneLighting":false,"audioPlay":false,"sceneViewState":{"m_AlwaysRefresh":false,"showFog":true,"showSkybox":false,"showFlares":true,"showImageEffects":true,"showParticleSystems":true,"showVisualEffectGraphs":true,"m_FxEnabled":true},"in2DMode":false,"pivot":{"x":-26.748994827270509,"y":2.0477442741394045,"z":-8.173871994018555},"rotation":{"x":0.07607565075159073,"y":-0.3578144907951355,"z":0.029264865443110467,"w":0.9302460551261902},"size":0.41649606823921206,"orthographic":false}