{"cameraMode":{"drawMode":0,"name":"Shaded","section":"Shading Mode"},"sceneLighting":true,"audioPlay":false,"sceneViewState":{"m_AlwaysRefresh":false,"showFog":true,"showSkybox":true,"showFlares":true,"showImageEffects":true,"showParticleSystems":true,"showVisualEffectGraphs":true,"m_FxEnabled":true},"in2DMode":false,"pivot":{"x":-429.5339660644531,"y":5.360127925872803,"z":1.4699373245239258},"rotation":{"x":-0.061627618968486789,"y":0.9062655568122864,"z":-0.14198729395866395,"w":-0.39335164427757265},"size":3.089780807495117,"orthographic":false}