{"cameraMode":{"drawMode":0,"name":"Shaded","section":"Shading Mode"},"sceneLighting":true,"audioPlay":false,"sceneViewState":{"m_AlwaysRefresh":false,"showFog":true,"showSkybox":true,"showFlares":true,"showImageEffects":true,"showParticleSystems":true,"showVisualEffectGraphs":true,"m_FxEnabled":true},"in2DMode":false,"pivot":{"x":2354.212158203125,"y":1282.0303955078125,"z":6.78472900390625},"rotation":{"x":0.08564482629299164,"y":0.03077874518930912,"z":0.0026468548458069565,"w":-0.9958527684211731},"size":255.88121032714845,"orthographic":false}