{"cameraMode":{"drawMode":0,"name":"Shaded","section":"Shading Mode"},"sceneLighting":false,"audioPlay":false,"sceneViewState":{"m_AlwaysRefresh":false,"showFog":true,"showSkybox":false,"showFlares":true,"showImageEffects":true,"showParticleSystems":true,"showVisualEffectGraphs":true,"m_FxEnabled":true},"in2DMode":false,"pivot":{"x":11.397039413452149,"y":0.07800006866455078,"z":-2.3107752799987795},"rotation":{"x":0.07607565075159073,"y":-0.3578144907951355,"z":0.029264865443110467,"w":0.9302460551261902},"size":7.835056781768799,"orthographic":false}