{"cameraMode":{"drawMode":0,"name":"Shaded","section":"Shading Mode"},"sceneLighting":false,"audioPlay":false,"sceneViewState":{"m_AlwaysRefresh":false,"showFog":true,"showSkybox":false,"showFlares":true,"showImageEffects":true,"showParticleSystems":true,"showVisualEffectGraphs":true,"m_FxEnabled":true},"in2DMode":false,"pivot":{"x":6.279436111450195,"y":1.5821871757507325,"z":-1.2607500553131104},"rotation":{"x":0.07607565075159073,"y":-0.3578144907951355,"z":0.029264865443110467,"w":0.9302460551261902},"size":1.1680397987365723,"orthographic":false}