{"cameraMode":{"drawMode":0,"name":"Shaded","section":"Shading Mode"},"sceneLighting":false,"audioPlay":false,"sceneViewState":{"m_AlwaysRefresh":false,"showFog":true,"showSkybox":false,"showFlares":true,"showImageEffects":true,"showParticleSystems":true,"showVisualEffectGraphs":true,"m_FxEnabled":true},"in2DMode":false,"pivot":{"x":0.43651366233825686,"y":0.26520323753356936,"z":4.011899471282959},"rotation":{"x":0.07607565075159073,"y":-0.3578144907951355,"z":0.029264865443110467,"w":0.9302460551261902},"size":3.689267873764038,"orthographic":false}