{"cameraMode":{"drawMode":0,"name":"Shaded","section":"Shading Mode"},"sceneLighting":false,"audioPlay":false,"sceneViewState":{"m_AlwaysRefresh":false,"showFog":true,"showSkybox":false,"showFlares":true,"showImageEffects":true,"showParticleSystems":true,"showVisualEffectGraphs":true,"m_FxEnabled":true},"in2DMode":false,"pivot":{"x":-62.91999816894531,"y":2.130000114440918,"z":-6.889999866485596},"rotation":{"x":0.13217514753341676,"y":-0.5798031091690064,"z":0.09601262956857681,"w":0.7982310652732849},"size":0.00021820742404088378,"orthographic":false}