{"cameraMode":{"drawMode":0,"name":"Shaded","section":"Shading Mode"},"sceneLighting":false,"audioPlay":false,"sceneViewState":{"m_AlwaysRefresh":false,"showFog":true,"showSkybox":false,"showFlares":true,"showImageEffects":true,"showParticleSystems":true,"showVisualEffectGraphs":true,"m_FxEnabled":true},"in2DMode":false,"pivot":{"x":-2.0176877975463869,"y":-0.10777616500854492,"z":9.197127342224121},"rotation":{"x":0.07607565075159073,"y":-0.3578144907951355,"z":0.029264865443110467,"w":0.9302460551261902},"size":10.408468246459961,"orthographic":false}